"Reference","Qty","Value","Footprint","LCSC"
"C1","1","10uF","Capacitor_SMD:C_0603_1608Metric","C1588"
"C2","1","100nF","Capacitor_SMD:C_0603_1608Metric","C14663"
"J1","1","Micro_SD_Card_Det2","Connector_Card:microSD_HC_Hirose_DM3D-SF","C719027"
"J3","1","STM32WORLD_BOARD","stm32world:STM32WORLD_BOARD",""
"J4","1","STM32WORLD_CONNECTOR_1","stm32world:PinSocket_2x20_P2.54mm_Vertical_Stackable","C35165"
"J5","1","STM32WORLD_CONNECTOR_2","stm32world:PinSocket_2x20_P2.54mm_Vertical_Stackable","C35165"
"JP1,JP2,JP3,JP4,JP5,JP6","6","SolderJumper_3_Open","Jumper:SolderJumper-3_P2.0mm_Open_TrianglePad1.0x1.5mm",""
"JP7,JP8,JP9,JP10,JP11,JP12,JP13,JP14,JP15,JP16,JP17,JP18,JP19,JP20,JP21,JP22","16","SolderJumper_2_Open","Jumper:SolderJumper-2_P1.3mm_Open_TrianglePad1.0x1.5mm",""
"R1,R2,R3,R4,R5,R6","6","4k7","Resistor_SMD:R_0603_1608Metric","C23162"
